{
  "Types": {
    "Enums": {
    },
    "Constants": {
      "Constant.OperatingSystem": {
        "os_unknown": -1,
        "os_windows": 0,
        "os_macosx": 1,
        "os_psp": 2,
        "os_ios": 3,
        "os_android": 4,
        "os_symbian": 5,
        "os_linux": 6,
        "os_winphone": 7,
        "os_tizen": 8,
        "os_win8native": 9,
        "os_wiiu": 10,
        "os_3ds": 11,
        "os_psvita": 12,
        "os_bb10": 13,
        "os_ps4": 14,
        "os_xboxone": 15,
        "os_ps3": 16,
        "os_xbox360": 17,
        "os_uwp": 18,
        "os_switch_beta": 20,
        "os_switch": 21,
        "os_ps5": 22,
        "os_gdk": 23,
        "os_gxgames": 24
      }
    },
    "General": {
      "Undertale.Id.SoundAssetOrInstance": {
        "MacroType": "Union",
        "Macros": [ "Asset.Sound", "Id.Instance" ]
      }
    }
  },
  "GlobalNames": {
    "Variables": {
      "currentroom": "Asset.Room",
      "dsprite": "Asset.Sprite",
      "usprite": "Asset.Sprite",
      "lsprite": "Asset.Sprite",
      "rsprite": "Asset.Sprite",
      "dtsprite": "Asset.Sprite",
      "utsprite": "Asset.Sprite",
      "ltsprite": "Asset.Sprite",
      "rtsprite": "Asset.Sprite",
      "normalsprite": "Asset.Sprite",
      "hurtsprite": "Asset.Sprite",
      "hurtsound": "Asset.Sound",
      "color": "Constant.Color",
      "batmusic": "Asset.Sound",
      "dummy": "Asset.Object",
      "sm": "Asset.Object",
      "king": "Asset.Object",
      "hand1pic": "Asset.Sprite",
      "hand2pic": "Asset.Sprite",
      "headpic": "Asset.Sprite",
      "bodypic": "Asset.Sprite",
      "do_room_goto": "Bool",
      "do_room_goto_target": "Asset.Room",
      "myroom": "Asset.Room",
      "myfont": "Asset.Font",
      "newfont": "Asset.Font",
      "button0": "Constant.GamepadButton",
      "button1": "Constant.GamepadButton",
      "button2": "Constant.GamepadButton",
      "sound0": "Asset.Sound",
      "sound1": "Asset.Sound",
      "sound2": "Asset.Sound",
      "asprite": "Asset.Sprite",
      "bsprite": "Asset.Sprite",
      "tailobj": "Asset.Object",
      "heart": "Asset.Object",
      "room_id": "Asset.Room",
      "overlay": {
        "MacroType": "Union",
        "Macros": [ "Asset.Sprite", "Id.Instance" ]
      },
      "overlay1": "Asset.Sprite",
      "os_type": "Constant.OperatingSystem",
      "onionsprite": "Asset.Sprite",
      "headsprite": "Asset.Sprite",
      "breaksprite": "Asset.Sprite",
      "foodimg": "Asset.Sprite",
      "facespr": "Asset.Sprite",
      "bombsprite": "Asset.Sprite",
      "mysprite": "Asset.Sprite",
      "arms": "Asset.Sprite",
      "levelpic": "Asset.Sprite",
      "image": "Asset.Sprite",
      "thischara": "Asset.Object",
      "tspr1": "Asset.Sprite",
      "tspr2": "Asset.Sprite",
      "tspr3": "Asset.Sprite",
      "tspr4": "Asset.Sprite",
      "tspr5": "Asset.Sprite",
      "snapper": "Asset.Object",
      "subject": "Asset.Object",
      "clip": "Asset.Object"
    },
    "FunctionArguments": {
      "snd_play": [ "Asset.Sound" ],
      "snd_stop": [ "Asset.Sound" ],
      "snd_isplaying": [ "Asset.Sound" ],
      "caster_play": [ "Asset.Sound", null, null ],
      "caster_play_l": [ "Asset.Sound", null, null ],
      "caster_loop": [ "Asset.Sound", null, null ],
      "caster_get_pitch": [ "Asset.Sound" ],
      "caster_get_volume": [ "Asset.Sound" ],
      "caster_set_volume": [ "Undertale.Id.SoundAssetOrInstance", null ],
      "caster_set_pitch": [ "Undertale.Id.SoundAssetOrInstance", null ],
      "caster_free": [ "Undertale.Id.SoundAssetOrInstance" ],
      "caster_resume": [ "Undertale.Id.SoundAssetOrInstance" ],
      "caster_is_playing": [ "Asset.Sound" ],
      "caster_stop": [ "Undertale.Id.SoundAssetOrInstance" ],
      "SCR_TEXTSETUP": [ "Asset.Font", "Constant.Color", null, null, null, null, null, "Asset.Sound", null, null ],
      "scr_getsprite": [ "Asset.Sprite" ],
      "scr_setfont": [ "Asset.Font" ],
      "scr_bouncer": [ "Asset.Object", null, null ],
      "scr_draw_background_ps4": [ "Asset.Background", null, null ],
      "scr_marker": [ null, null, "Asset.Sprite" ]
    },
    "FunctionReturn": {
      "gml_Script_scr_getsprite": "Asset.Sprite",
      "gml_Script_scr_getbuttonsprite": {
        "MacroType": "Union",
        "Macros": [ "Asset.Sprite", "Id.Instance" ]
      }
    }
  },
  "CodeEntryNames": {
    "gml_Script_scr_getmusindex": {
      "Variables": {
        "song_index": "Asset.Sound"
      }
    },
    "gml_Script_caster_free": {
      "Variables": {
        "argument0": "Undertale.Id.SoundAssetOrInstance"
      }
    },
    "gml_Script_scr_roomname": {
      "FunctionArguments": {
        "real": [ "Asset.Room" ]
      }
    },
    "gml_Script_scr_getsprite": {
      "Variables": {
        "sprite_id": "Asset.Sprite"
      }
    },
    "gml_Object_obj_fakeborderdraw_Draw_0": {
      "Variables": {
        "op": "Asset.Object"
      }
    },
    "gml_Object_obj_vertcroissant_Alarm_0": {
      "Variables": {
        "op": "Asset.Object"
      }
    },
    "gml_Object_obj_vertcroissant_Step_0": {
      "Variables": {
        "op": "Asset.Object"
      }
    },
    "gml_Object_obj_croissant_Step_0": {
      "Variables": {
        "op": "Asset.Object"
      }
    },
    "gml_Object_obj_vertspider_Create_0": {
      "Variables": {
        "op": "Asset.Object"
      }
    },
    "gml_Object_obj_vertspider_Step_0": {
      "Variables": {
        "op": "Asset.Object"
      }
    },
    "gml_Object_obj_spiderbullet_Alarm_0": {
      "Variables": {
        "op": "Asset.Object"
      }
    },
    "gml_Object_obj_spiderbullet_Step_0": {
      "Variables": {
        "op": "Asset.Object"
      }
    },
    "gml_Object_obj_donutbullet_Alarm_0": {
      "Variables": {
        "op": "Asset.Object"
      }
    },
    "gml_Object_obj_donutbullet_Step_0": {
      "Variables": {
        "op": "Asset.Object"
      }
    },
    "gml_Object_obj_dogshrine2_Create_0": {
      "Variables": {
        "op": "Asset.Sprite"
      }
    },
    "gml_Object_obj_papdate_Draw_0": {
      "Variables": {
        "face": "Asset.Sprite"
      }
    },
    "gml_Object_obj_vulkin_Create_0": {
      "Variables": {
        "face": "Asset.Sprite"
      }
    },
    "gml_Object_obj_vulkin_Alarm_6": {
      "Variables": {
        "face": "Asset.Sprite"
      }
    },
    "gml_Object_obj_vulkin_Draw_0": {
      "Variables": {
        "face": "Asset.Sprite"
      }
    },
    "gml_Object_obj_monster_extrabody_Draw_0": {
      "Variables": {
        "face": "Asset.Sprite"
      }
    },
    "gml_Object_obj_bringitinguys_Other_11": {
      "Variables": {
        "face": "Asset.Sprite"
      }
    },
    "gml_Script_scr_getbuttonsprite": {
      "Variables": {
        "button": "Constant.GamepadButton"
      }
    }
  }
}